{"img_stk_0_vmin": -0.0005962033488882124, "img_stk_0_vmax": 0.0014447081691474474, "ttcf_vmin": 0, "ttcf_vmax": 1.541013533511843, "sum_img_stk_0_vmin": -0.0038281796156945753, "sum_img_stk_0_vmax": 0.012133007809291224}