{"img_stk_0_vmin": -0.0008729867085396343, "img_stk_0_vmax": 0.0016109065664696338, "ttcf_vmin": 0, "ttcf_vmax": 2.7758463448668387, "sum_img_stk_0_vmin": -0.0004561308407491681, "sum_img_stk_0_vmax": 0.015779250166129022}