{"img_stk_0_vmin": -1.114829275581798e-05, "img_stk_0_vmax": 3.9969998593589745e-05, "ttcf_vmin": 0, "ttcf_vmax": 3.3479180095466203, "sum_img_stk_0_vmin": 0.00029979118327186935, "sum_img_stk_0_vmax": 0.0006565775555781131}