{"img_stk_0_vmin": -1.8034954091542357e-05, "img_stk_0_vmax": 3.637047658123214e-05, "ttcf_vmin": 0, "ttcf_vmax": 1.855552056932447, "sum_img_stk_0_vmin": -3.436190409051074e-05, "sum_img_stk_0_vmax": 0.0006362418772886592}