{"img_stk_0_vmin": -0.0005386583769263554, "img_stk_0_vmax": 0.00103600930150352, "ttcf_vmin": 0, "ttcf_vmax": 1.9015928765125034, "sum_img_stk_0_vmin": -0.0010218540112780388, "sum_img_stk_0_vmax": 0.011664381716920268}