{"img_stk_0_vmin": 1.4195926077633125e-08, "img_stk_0_vmax": 1.9607943100148365e-05, "ttcf_vmin": 0, "ttcf_vmax": 3.208865266216454, "sum_img_stk_0_vmin": 0.00010304242961794416, "sum_img_stk_0_vmax": 0.00025172381951535133}