{"img_stk_0_vmin": -1.114829275581798e-05, "img_stk_0_vmax": 3.9969998593589745e-05, "ttcf_vmin": 0, "ttcf_vmax": 2.527957926966662, "sum_img_stk_0_vmin": 0.00025364921664581636, "sum_img_stk_0_vmax": 0.0006878428608151254}