{"img_stk_0_vmin": -2.139536024848379e-05, "img_stk_0_vmax": 4.323729375916442e-06, "ttcf_vmin": 0, "ttcf_vmax": 2.454399356217893, "sum_img_stk_0_vmin": -0.00024079165026675398, "sum_img_stk_0_vmax": -8.056630742661119e-05}